{
    "$schema": "https://schema.management.azure.com/schemas/2015-01-01/deploymentParameters.json#",
    "contentVersion": "1.0.0.0",
    "parameters": {
        "location": {
            "value": "EAST US 2"
        },
        "sqlServerName": {
            "value": "LitwareSQLServer"
        },
        "sqlAdminUsername": {
            "value": "cyberpreacher"
        },
        "sqlAdminPassword": {
            "value": null
        },
        "databaseName": {
            "value": "SQLDB1"
        },
        "webAppName": {
            "value": "CyberPreacherWebApp"
        },
        "appServicePlanName": {
            "value": "WebApp1Plan"
        }
    }
}