{
    "$schema": "https://schema.management.azure.com/schemas/2019-04-01/deploymentTemplate.json#",
    "contentVersion": "1.0.0.0",
    "parameters": {
        "location": {
            "defaultValue": "West US",
            "type": "String"
        },
        "sqlServerName": {
            "defaultValue": "LitwareSQLServer",
            "type": "String"
        },
        "sqlAdminUsername": {
            "defaultValue": "sqladmin",
            "type": "String"
        },
        "sqlAdminPassword": {
            "type": "SecureString"
        },
        "databaseName": {
            "defaultValue": "SQLDB1",
            "type": "String"
        },
        "webAppName": {
            "defaultValue": "thecyberpreacher",
            "type": "String"
        },
        "appServicePlanName": {
            "defaultValue": "WebApp1Plan",
            "type": "String"
        }
    },
    "resources": [
        {
            "type": "Microsoft.Sql/servers",
            "apiVersion": "2021-02-01-preview",
            "name": "[parameters('sqlServerName')]",
            "location": "[parameters('location')]",
            "properties": {
                "administratorLogin": "[parameters('sqlAdminUsername')]",
                "administratorLoginPassword": "[parameters('sqlAdminPassword')]",
                "version": "12.0"
            }
        },
        {
            "type": "Microsoft.Sql/servers/databases",
            "apiVersion": "2021-02-01-preview",
            "name": "[concat(parameters('sqlServerName'), '/', parameters('databaseName'))]",
            "location": "[parameters('location')]",
            "dependsOn": [
                "[resourceId('Microsoft.Sql/servers', parameters('sqlServerName'))]"
            ],
            "sku": {
                "name": "S0",
                "tier": "Standard"
            },
            "properties": {
                "collation": "SQL_Latin1_General_CP1_CI_AS",
                "maxSizeBytes": 268435456000,
                "sampleName": "AdventureWorksLT"
            }
        },
        {
            "type": "Microsoft.Web/serverfarms",
            "apiVersion": "2022-03-01",
            "name": "[parameters('appServicePlanName')]",
            "location": "[parameters('location')]",
            "sku": {
                "name": "S1",
                "tier": "Standard",
                "capacity": 1
            },
            "properties": {}
        },
        {
            "type": "Microsoft.Web/sites",
            "apiVersion": "2022-03-01",
            "name": "[parameters('webAppName')]",
            "location": "[parameters('location')]",
            "dependsOn": [
                "[resourceId('Microsoft.Web/serverfarms', parameters('appServicePlanName'))]",
                "[resourceId('Microsoft.Sql/servers/databases', parameters('sqlServerName'), parameters('databaseName'))]"
            ],
            "properties": {
                "serverFarmId": "[resourceId('Microsoft.Web/serverfarms', parameters('appServicePlanName'))]",
                "siteConfig": {
                    "appSettings": [
                        {
                            "name": "DATABASE_CONNECTION_STRING",
                            "value": "[concat('Server=tcp:', parameters('sqlServerName'), '.database.windows.net;Database=', parameters('databaseName'), ';User ID=', parameters('sqlAdminUsername'), ';Password=', parameters('sqlAdminPassword'), ';')]"
                        },
                        {
                            "name": "WEBSITE_STACK",
                            "value": ".NET"
                        }
                    ]
                }
            }
        }
    ]
}