{
    "$schema": "https://schema.management.azure.com/schemas/2019-04-01/deploymentTemplate.json#",
    "contentVersion": "1.0.0.0",
    "parameters": {
        "location": {
            "defaultValue": "West US",
            "type": "String"
        },
        "adminUsername": {
            "defaultValue": "vmadmin",
            "type": "String"
        },
        "adminPassword": {
            "type": "SecureString"
        }
    },
    "resources": [
        {
            "type": "Microsoft.Network/virtualNetworks",
            "apiVersion": "2017-06-01",
            "name": "VNet1",
            "location": "[parameters('location')]",
            "properties": {
                "addressSpace": {
                    "addressPrefixes": [
                        "10.0.0.0/16"
                    ]
                },
                "subnets": [
                    {
                        "name": "Subnet0",
                        "properties": {
                            "addressPrefix": "10.0.1.0/24"
                        }
                    },
                    {
                        "name": "Subnet1",
                        "properties": {
                            "addressPrefix": "10.0.2.0/24"
                        }
                    },
                    {
                        "name": "AzureFirewallSubnet",
                        "properties": {
                            "addressPrefix": "10.0.3.0/24"
                        }
                    }
                ]
            }
        },
        {
            "type": "Microsoft.Network/networkInterfaces",
            "apiVersion": "2017-06-01",
            "name": "VM0-nic",
            "location": "[parameters('location')]",
            "dependsOn": [
                "VNet1"
            ],
            "properties": {
                "ipConfigurations": [
                    {
                        "name": "ipconfig1",
                        "properties": {
                            "subnet": {
                                "id": "[resourceId('Microsoft.Network/virtualNetworks/subnets', 'VNet1', 'Subnet0')]"
                            },
                            "privateIPAllocationMethod": "Dynamic"
                        }
                    }
                ]
            }
        },
        {
            "type": "Microsoft.Network/networkInterfaces",
            "apiVersion": "2017-06-01",
            "name": "VM1-nic",
            "location": "[parameters('location')]",
            "dependsOn": [
                "VNet1"
            ],
            "properties": {
                "ipConfigurations": [
                    {
                        "name": "ipconfig1",
                        "properties": {
                            "subnet": {
                                "id": "[resourceId('Microsoft.Network/virtualNetworks/subnets', 'VNet1', 'Subnet1')]"
                            },
                            "privateIPAllocationMethod": "Dynamic"
                        }
                    }
                ]
            }
        },
        {
            "type": "Microsoft.Compute/virtualMachines",
            "apiVersion": "2016-04-30-preview",
            "name": "VM0",
            "location": "[parameters('location')]",
            "dependsOn": [
                "VM0-nic"
            ],
            "properties": {
                "hardwareProfile": {
                    "vmSize": "Standard_DS1_v2"
                },
                "osProfile": {
                    "computerName": "VM0",
                    "adminUsername": "[parameters('adminUsername')]",
                    "adminPassword": "[parameters('adminPassword')]"
                },
                "storageProfile": {
                    "imageReference": {
                        "publisher": "MicrosoftWindowsServer",
                        "offer": "WindowsServer",
                        "sku": "2016-Datacenter",
                        "version": "latest"
                    },
                    "osDisk": {
                        "createOption": "FromImage"
                    }
                },
                "networkProfile": {
                    "networkInterfaces": [
                        {
                            "id": "[resourceId('Microsoft.Network/networkInterfaces', 'VM0-nic')]"
                        }
                    ]
                }
            }
        },
        {
            "type": "Microsoft.Compute/virtualMachines",
            "apiVersion": "2016-04-30-preview",
            "name": "VM1",
            "location": "[parameters('location')]",
            "dependsOn": [
                "VM1-nic"
            ],
            "properties": {
                "hardwareProfile": {
                    "vmSize": "Standard_DS1_v2"
                },
                "osProfile": {
                    "computerName": "VM1",
                    "adminUsername": "[parameters('adminUsername')]",
                    "adminPassword": "[parameters('adminPassword')]"
                },
                "storageProfile": {
                    "imageReference": {
                        "publisher": "MicrosoftWindowsServer",
                        "offer": "WindowsServer",
                        "sku": "2016-Datacenter",
                        "version": "latest"
                    },
                    "osDisk": {
                        "createOption": "FromImage"
                    }
                },
                "networkProfile": {
                    "networkInterfaces": [
                        {
                            "id": "[resourceId('Microsoft.Network/networkInterfaces', 'VM1-nic')]"
                        }
                    ]
                }
            }
        }
    ]
}